Route,Routed utt.,WER,CER,RTF
0\%,0,2.9433443074050416,0.9897182413555181,0.001283428772693165
10\%,102,2.6681735541251044,0.8754764786390525,0.0014069241036929038
25\%,256,2.3979165642965947,0.7668902487303328,0.0016070970392409868
50\%,512,2.0441255957938185,0.6537795925754165,0.0019447412196386355
75\%,768,1.9212815095081321,0.6096664366749991,0.0022857122102350968
100\%,1024,1.8230062404795835,0.5746021332669751,0.0026200393240204977
Oracle,-,1.4495602181710971,0.5203090183126152,-
